#Bezeichnung;"			Seite";"	Probe";"		Komplex";"	Ursprung"; Merkmale;"		ZD";"		Kosten";"	Ziel";"	Reichweite";"	Wirkungsdauer";"	Auswirkung"
Abvenenum reine Speise;"	LCD11";"	KL/KL/FF +X";"	C";"	Dru, Elf, Hex, Mag 6| Geo 5| Ach, Sch 4";"	Objekt";"	A(15)";"	4 Asp";"	O";"		1 Schritt";"	A";"				Der Zauberer reinigt Speisen und Getränke von sämtlichen Giften und Krankheistskeimen."
Accuratum Zaubernadel;"	LCD12";"	KL/CH/FF +X";"	C";"	Mag, Srl 4| Hex 2";"	Objekt";;;;;;
Adamantium Erzstruktur;"	LCD13";"	KL/FF/KO";"	C";"	Ach 6| Mag 5";"	Elementar (Erz), Objekt";;;;;;
Adlerauge Luchsenohr;"	LCD15";"	KL/IN/FF";"	B";"	Elf 7| Ach, Dru, Geo, Hex, Mag 3";"	Hellsicht, Eigenschaften";;;;;;
Adlerschwinge Wolfsgestalt;"	LCD16";"	MU/IN/GE +X";"	D";"	Elf 6| Ach, Mag 3| Dru, Hex 2(Elf)";"	Form";;;;;;
Aeolitus Windgebraus;"	LCD18";"	KL/CH/KO";"	B";"	Elf 7| Ach, Dru, Mag 5| Geo 4| Sch, Srl 3";"	Umwelt, Elementar (Luft)";;;;;;
Aerofugo Vakuum;"	LCD19";"	MU/KO/KK";"	D";"	Ach, Mag 2";"	Umwelt, Elementar (Luft)";;;;;;
Aerogelo Atemqual;"	LCD20";"	MU/IN/KO";"	D";"	Mag 2";"	Umwelt, Elementar (Luft)";;;;;;
Aeropulvis Sanfter Fall;EG 102, 103;KL/IN/GE;C;;Bewegung, Elementar (Luft);;;;;;
Agrimothbann;"	LCD63";"	MU/CH/KO +X";"	C";"	Mag 2";"	Antimagie, Dämonisch";;;;;;
Alpgestalt;"	LCD21";"	MU/CH/GE +MR";"	C";"	Dru 3";"	Einfluss, Herrschaft";;;;;;
Amazerothbann;"	LCD63";"	MU/CH/KO +X";"	C";"	Mag 2";"	Antimagie, Dämonisch";;;;;;
Analys Arcanstruktur;LCD 22;KL/KL/IN;D;;Hellsicht, Metamagie;;;;;;
Analys Arkanstruktur;LCD 22;KL/KL/IN;D;;Hellsicht, Metamagie;;;;;;
Ängste lindern;"	LCD23";"	MU/IN/CH";"	C";"	Hex 7| Geo 5| Dru, Mag 4";"	Einfluss";;;;;;
Animatio stummer Diener;"	LCD24";"	KL/FF/GE";"	E";"	Mag 3";"	Telekinese";;;;;;
Applicatus Zauberspeicher;"	LCD25";"	KL/FF/FF";"	C";"	Ach, Mag, Srl 3";"	Objekt, Metamagie";;;;;;
Aquafaxius Wasserstrahl;"	LCD122";"	KL/FF/KO";"	C";"	Mag 2| Geo 2";"	Schaden, Elementar (Wasser)";;;;;;
Aquaqerus Wasserfluch;EG 102;MU/IN/KK;D;;Elementar (Wasser), Schaden;;;;;;
Aquasphaero Wasserball;"	LCD124";"	MU/IN/KO";"	D";"	Mag 3| Ach, Geo 1";"	Telekinese, Elementar (Feuer), Schaden";;;;;;
Arachnea Krabbeltier;"	LCD26";"	MU/IN/CH";"	D";"	Mag 2| Bor, Hex 1";"	Herbeirufung";;;;;;
Arcanovi Artefakt;"	LCD27";"	KL/KL/FF";"	E";"	Ach, Mag 4| Geo, Hex 2| Dru, Elf 1";"	Objekt, Metamagie";;;;;;
Arcanovi Artefakt (Matrixgeber);LCD 27;KL/KL/FF;E;;Objekt, Metamagie;;;;;;
Arcanovi Artefakt (Semipermanenz);LCD 27;KL/KL/FF;E;;Objekt, Metamagie;;;;;;
Arcanovi Artefakt (Spruchspeicher);LCD 27;KL/KL/FF;E;;Objekt, Metamagie;;;;;;
Archofaxius Erzstrahl;"	LCD122";"	KL/FF/KO";"	C";"	Mag 2| Geo 2";"	Schaden, Elementar (Erz)";;;;;;
Archosphaero Erzball;"	LCD124";"	MU/IN/KO";"	D";"	Mag 3| Ach, Geo 1";"	Telekinese, Elementar (Feuer), Schaden";;;;;;
Armatrutz;"	LCD28";"	IN/GE/KO";"	B";"	Elf, Mag 6| Hex 3| Dru 2";"	Eigenschaften, Elementar (Erz)";;;;;;
Asfalothbann;LCD 63;MU/CH/KO;C;;Antimagie, Dämonisch;;;;;;
Atemnot;"	LCD29";"	MU/KO/KK +MR";"	C";"	Dru 5| Ach 3";"	Eigenschaften";;;;;;
Attributo;"	LCD30";"	KL/CH/XX";"	B";"	Dru, Elf, Geo, Hex, Mag 5| Ach, Sch, Srl 3";"	Eigenschaften";;;;;;
Aufgeblasen Abgehoben;"	LCD31";"	CH/KO/KK +MR";"	C";"	Sch 5";"	Form, Elementar (Luft)";;;;;;
Auge des Limbus;"	LCD32";"	MU/KO/KK";"	E";"	Mag 2| Ach 1";"	Limbus, Kraft";;;;;;
Aureolus Güldenglanz;"	LCD33";"	IN/CH/FF";"	A";"	Srl 6| Mag 4";"	Illusion";;;;;;
Auris Nasus Oculus;"	LCD35";"	KL/CH/FF";"	D";"	Mag, Srl 5";"	Illusion";;;;;;
Axxeleratus Blitzgeschwind;"	LCD36";"	KL/GE/KO";"	C";"	Elf 6| Ach, Sch 5| Mag 3";"	Eigenschaften";;;;;;
Balsam Salabunde;"	LCD37";"	KL/IN/CH +X";"	C";"	Elf, Mag 7| Ach, Geo 5| Dru 4| Hex 3";"	Heilung, Form";;;;;;
Band und Fessel;"	LCD38";"	KL/CH/KK +MR";"	C";"	Elf 5| Hex 4| Dru, Mag 3| Ach, Bor, Geo 2";"	Einfluss";;;;;;
Bannbaladin;"	LCD39";"	IN/CH/CH +MR";"	B";"	Elf 7| Mag 6| Dru, Hex 3| Srl 3(Mag)";"	Einfluss";;;;;;
Bärenruhe Winterschlaf;"	LCD40";"	MU/KK/KO +X";"	D";"	Elf 4| Ach 3| Mag 3(Elf)";"	Form";;;;;;
Beherrschung brechen;"	LCD41";"	KL/IN/CH +X";"	C";"	Dru 7| Geo, Mag 6| Hex 5| Ach, Elf 4";"	Antimagie, Herrschaft";;;;;;
Belhalharbann;LCD 63;MU/CH/KO;C;;Antimagie, Dämonisch;;;;;;
Belkelelbann;LCD 63;MU/CH/KO;C;;Antimagie, Dämonisch;;;;;;
Belzhorashbann;LCD 63;MU/CH/KO;C;;Antimagie, Dämonisch;;;;;;
Beschwörung vereiteln;"	LCD42";"	MU/INCH +X";"	C";"	Mag 3| Dru, Hex 2| Elf, Geo 2(Mag)";"	Antimagie, Beschwörung";;;;;;
Bewegung stören;"	LCD43";"	KL/IN/FF +X";"	C";"	Mag 5| Elf, Sch 4| Hex 3";"	Antimagie, Telekinese";;;;;;
Bienenschwarm;OiC 67;IN/CH/KO;E;;Form;;;;;;
Blakharazbann;LCD 63;MU/CH/KO;C;;Antimagie, Dämonisch;;;;;;
Blendwerk;"	LCD44";"	IN/CH/GE";"	C";"	Sch 7| Mag, Srl 3(Sch)";"	Illusion";;;;;;
Blick aufs Wesen;"	LCD45";"	KL/IN/CH +MR";"	C";"	Elf 6| Geo, Mag 5| Ach, Dru, Hex 4";"	Hellsicht";;;;;;
Blick durch fremde Augen;"	LCD46";"	MU/IN/CH +MR";"	E";"	Dru 3| Mag 2(Dru)";"	Hellsicht, Verständigung";;;;;;
Blick in die Gedanken;"	LCD47";"	KL/KL/CH +MR";"	D";"	Elf, Mag 5| Ach, Dru, Hex 4| Geo 3";"	Hellsicht";;;;;;
Blick in die Vergangenheit;"	LCD48";"	KL/KL/IN +X";"	D";"	Dru, Geo 3| Mag 2(Dru)";"	Hellsicht, Temporal";;;;;;
Blitz dich find;"	LCD49";"	KL/IN/GE +MR";"	B";"	Elf 7| Mag 6| Dru, Hex 5| Ach, Geo, Sch, Srl 4";"	Einfluss";;;;;;
Böser Blick;"	LCD50";"	MU/CH/CH +MR";"	C";"	Dru 7| Geo 6| Ach 5| Bor 2| Hex, Mag2| Mag 2(Dru)";"	Einfluss";;;;;;
Brenne toter Stoff!;"	LCD51";"	MU/KL/KO";"	C";"	Bor 6| Ach, Mag 3";"	Objekt, Elementar (Feuer)";;;;;;
Caldofrigo heiß und kalt;"	LCD52";"	IN/CH/KO";"	E";"	Ach, Mag 4| Geo 3| Dru 2";"	Objekt, Umwelt, Elementar (Feuer, Eis)";;;;;;
Chamaelioni Mimikry;"	LCD54";"	IN/CH/GE";"	C";"	Elf 5| Hex, Mag 3(Elf)";"	Illusion";;;;;;
Charyptorothbann;LCD 63;MU/CH/KO;C;;Antimagie, Dämonisch;;;;;;
Chimaeroform Hybridgestalt;"	LCD55";"	KL/IN/KO +X";"	F";"	Mag 2| Hex 1";"	Dämonisch (Asfaloth), Form";;;;;;
Chronoautos Zeitenfahrt;"	LCD57";"	MU/CH/KO +X";"	F";"	Ach 2| Elf, Mag 1";"	Temporal";;;;;;
Chronoklassis Urfossil;"	LCD56";"	KL/IN/KO +X";"	F";"	Ach 2| Mag 1(Ach)";"	Herbeirufung, Temporal";;;;;;
Chrononautos Zeitenfahrt;LCD 57;MU/CH/KO;F;;Temporal;;;;;;
Claudibus Clavistibor;"	LCD58";"	KL/FF/KK";"	C";"	Mag 6| Hex, Srl 5| Dru 2(Hex)| Elf, Sch 2(Mag)";"	Objekt";;;;;;
Corpofesso Gliederschmerz;"	LCD59";"	KL/KO/KK +MR";"	C";"	Mag 4| Elf, Hex 2(Mag)";"	Eigenschaften";;;;;;
Corpofrigo Kälteschock;"	LCD60";"	CH/GE/KO +MR";"	C";"	Ach 6| Mag 4";"	Eigenschaften, Elementar (Eis)";;;;;;
Cryptographo Zauberschrift;"	LCD61";"	KL/KL/IN";"	C";"	Mag 6| Ach 2| Hex,Srl 2(Mag)";"	Objekt, Verständigung";;;;;;
Custodosigil Diebesbann;"	LCD62";"	KL/FF/FF";"	C";"	Ach, Mag 6| Srl 3(Mag)";"	Objekt, Metamagie, Elementar (Feuer)";;;;;;
Dämonenbann;"	LCD63";"	MU/CH/KO +X";"	C";"	Mag 2";"	Antimagie, Dämonisch";;;;;;
Dämonenbann (Agrimoth);LCD 63;MU/CH/KO;C;;Antimagie, Dämonisch;;;;;;
Dämonenbann (Amazeroth);LCD 63;MU/CH/KO;C;;Antimagie, Dämonisch;;;;;;
Dämonenbann (Asfaloth);LCD 63;MU/CH/KO;C;;Antimagie, Dämonisch;;;;;;
Dämonenbann (Belhalhar);LCD 63;MU/CH/KO;C;;Antimagie, Dämonisch;;;;;;
Dämonenbann (Belkelel);LCD 63;MU/CH/KO;C;;Antimagie, Dämonisch;;;;;;
Dämonenbann (Belshirash);LCD 63;MU/CH/KO;C;;Antimagie, Dämonisch;;;;;;
Dämonenbann (Belzhorash);LCD 63;MU/CH/KO;C;;Antimagie, Dämonisch;;;;;;
Dämonenbann (Blakharaz);LCD 63;MU/CH/KO;C;;Antimagie, Dämonisch;;;;;;
Dämonenbann (Charyptoroth);LCD 63;MU/CH/KO;C;;Antimagie, Dämonisch;;;;;;
Dämonenbann (Lolgramoth);LCD 63;MU/CH/KO;C;;Antimagie, Dämonisch;;;;;;
Dämonenbann (Tasfarelel);LCD 63;MU/CH/KO;C;;Antimagie, Dämonisch;;;;;;
Dämonenbann (Thargunitoth);LCD 63;MU/CH/KO;C;;Antimagie, Dämonisch;;;;;;
Delicioso Gaumenschmaus;"	LCD64";"	KL/CH/FF";"	D";"	Mag 4| Sch, Srl 3";"	Illusion";;;;;;
Desintegratus Pulverstaub;"	LCD65";"	KL/KO/KK";"	D";"	Mag 3";"	Objekt, Schaden";;;;;;
Destructibo Arcanitas;"	LCD66";"	KL/KL/FF +X";"	E";"	Mag 3| Ach, Elf 2| Dru 2(Mag)";"	Antimagie, Metamagie, Kraft";;;;;;
Dichter und Denker;"	LCD67";"	KL/IN/CH +MR";"	C";"	Sch 2";"	Herrschaft";;;;;;
Dschinnenruf;"	LCD68";"	MU/KL/CH +X";"	E";"	Mag 4| Dru, Geo 3";"	Elementar, Herbeirufung";;;;;;
Dunkelheit;"	LCD69";"	KL/KL/FF";"	C";"	Dru 7| Geo, Mag, Sch 4| Ach, Hex 3| Srl 3(Mag)| Elf 2";"	Umwelt";;;;;;
Duplicatus Doppelbild;"	LCD70";"	KL/CH/GE";"	C";"	Mag, Srl 6";"	Illusion";;;;;;
Ecliptifactus Schattenkraft;"	LCD71";"	MU/KL/KO";"	D";"	Mag 3| Bor 2";"	Dämonisch (allgemein), Form";;;;;;
Ecliptifactus Schattenkraft (obsk.);SoG 163, B1;MU/KL/KO;D;;Dämonisch, Form;;;;;;
Eigenschaft wiederherstellen;"	LCD73";"	KL/IN/CH +X";"	C";"	Hex 6| Ach, Dru, Geo, Mag 5";"	Antimagie, Eigenschaften";;;;;;
Eigne Ängste quälen dich!;"	LCD74";"	MU/IN/CH +MR";"	C";"	Bor 6| Mag 2";"	Einfluss, Eigenschaften";;;;;;
Einfluss bannen;"	LCD75";"	IN/CH/CH +X";"	B";"	Dru, Geo, Hex 6| Ach, Elf 5| Mag, Sch 4| Srl 3";"	Antimagie, Einfluss";;;;;;
Eins mit der Natur;"	LCD76";"	IN/GE/KO";"	C";"	Geo 7| Dru 5| Elf 2, Hex 2(Geo)| Mag 2 (Dru)";"	Eigenschaften, Elementar";;;;;;
Eisenrost und Patina;"	LCD77";"	KL/CH/GE";"	C";"	Mag 6| Ach, Dru 5| Sch 4";"	Objekt, Temporal";;;;;;
Eiseskälte Kämpferherz;"	LCD78";"	MU/IN/KO";"	C";"	Ach, Elf 3";"	Eigenschaften";;;;;;
Eiswirbel;"	LCD172";"	MU/IN/KK";"	D";"	Dru 3| Mag 2| Mag 2(Dru)";"	Elementar (Wasser), Umwelt";;;;;;
Elementarbann;"	LCD79";"	IN/CH/KO +X";"	C";"	Geo, Mag 2";"	Antimagie, Elementar";;;;;;
Elementarer Diener;"	LCD80";"	MU/KL/CH +X";"	D";"	Geo 6| Dru 5| Ach, Mag 4";"	Elementar, Herbeirufung";;;;;;
Elementarer Wirbel;CS 67;MU/IN/KK;D;;Elementar, Umwelt;;;;;;
Elfenstimme Flötenton;"	LCD81";"	IN/CH/KO";"	D";"	Elf 2";"	Verständigung";;;;;;
Entfesselung des Getiers;OiC 67;KL/CH/KO;E;;Form;;;;;;
Erinnerung verlasse dich!;"	LCD82";"	MU/IN/CH +MR";"	D";"	Bor 4| Mag 3";"	Herrschaft";;;;;;
Exposami Lebenskraft;"	LCD83";"	KL/IN/IN";"	B";"	Elf 6| Ach, Dru, Geo 4| Hex, Mag 3";"	Hellsicht";;;;;;
Falkenauge Meisterschuss;"	LCD84";"	IN/FF/GE";"	B";"	Elf 6| Mag 2(Elf)";"	Eigenschaften";;;;;;
Favilludo Funkentanz;"	LCD85";"	IN/CH/FF";"	A";"	Srl 6| Mag 5| Sch 3(Mag)";"	Illusion";;;;;;
Fesselranken;EG 103;KL/IN/KK;C;;Elementar (Humus), Umwelt;;;;;;
Feuerbann;LCD 162, 163 ;MU/MU/GE;E;;Form, Elementar (Feuer);;;;;;
Feuermähne Flammenhuf;EG 103;IN/CH/KO;E;;Beschwörung, Elementar (Feuer);;;;;;
Feuersturm;"	LCD172";"	MU/IN/KK";"	D";"	Dru 3| Mag 2| Mag 2(Dru)";"	Elementar (Feuer), Umwelt";;;;;;
Firnlauf;"	LCD86";"	MU/KL/GE";"	D";"	Firnelf 6| andere Elfen 2| Mag 2";"	Elementar (Eis), Eigenschaften";;;;;;
Flim Flam Funkel;"	LCD87";"	KL/KL/FF";"	A";"	Ach, Elf, Mag 7| Dru, Hex 6| Geo 5| Sch 4| Srl 4(Mag)";"	Umwelt";;;;;;
Fluch der Pestilenz;"	LCD88";"	MU/KL/CH +MR";"	D";"	Dru 5| Bor, Hex 2| Mag 2(Dru)";"	Dämonisch (Belzhorash)";;;;;;
Foramen Foraminor;"	LCD89";"	KL/KL/FF +X";"	C";"	Mag 6| Srl 5| Sch 4";"	Hellsicht, Telekinese";;;;;;
Fortifex arkane Wand;"	LCD90";"	IN/KO/KK";"	D";"	Mag 4| Ach 3";"	Umwelt, Elementar (Erz)";;;;;;
Frigifaxius Eisstrahl;"	LCD122";"	KL/FF/KO";"	C";"	Mag 2| Geo 2";"	Schaden, Elementar (Eis)";;;;;;
Frigisphaero Eisball;"	LCD124";"	MU/IN/KO";"	D";"	Mag, Ach 2| Geo 1";"	Telekinese, Elementar (Eis), Schaden";;;;;;
Fulminictus Donnerkeil;"	LCD91";"	IN/GE/KO";"	C";"	Elf 7| Mag 5| Hex 2(Mag)";"	Schaden, Kraft";;;;;;
Gardianum Zauberschild;"	LCD92";"	KL/IN/KO";"	D";"	Mag 6| Ach 2| Geo 2(Mag)";"	Antimagie, Kraft, Metamagie";;;;;;
Gebieter der Tiefe;OiC 68;MU/CH/KO;D;;Form;;;;;;
Gedankenbilder Elfenruf;"	LCD94";"	KL/IN/CH";"	B";"	Elf 7| Mag 3";"	Verständigung";;;;;;
Gefäß der Jahre;"	LCD95";"	MU/KL/KO";"	E";"	Mag 1";"	Beschwörung, Form, Temporal";;;;;;
Gefunden!;"	LCD96";"	KL/IN/GE +X";"	C";"	Sch 5| Ach, Hex, Mag 3| Srl 3(Sch)";"	Hellsicht";;;;;;
Geisterbann;"	LCD97";"	MU/MU/CH +X";"	C";"	Dru 7| Mag 5| Geo, Hex 4";"	Antimagie, Geisterwesen";;;;;;
Geisterruf;"	LCD98";"	MU/MU/CH +X";"	D";"	Dru 6| Geo, Hex, Mag 3";"	Geisterwesen, Herbeirufung";;;;;;
Geschoss der Niederhöllen;OiC 68;CH/FF/KK;C;;Dämonisch, Schaden;;;;;;
Glacoflumen Fluss aus Eis;EG 102;IN/KO/GE;E;;Elementar (Eis), Umwelt;;;;;;
Gletscherwand;"	LCD275";"	MU/KL/CH";"	D";"	Dru 2 (Besonderheiten! S.275 LC)";"	Elementar (Eis)";;;;;;
Granit und Marmor;"	LCD99";"	MU/CH/KO+MR";"	D";"	Bor, Mag 2";"	Form, Elementar (Erz)";;;;;;
Grolmenseele;OiC 69;KL/CH/FF;F;;Beschwörung, Geisterwesen, Telekinese;;;;;;
Große Gier;"	LCD100";"	KL/KL/CH +MR";"	C";"	Hex 7| Geo 3";"	Einfluss, Herrschaft";;;;;;
Große Verwirrung;"	LCD101";"	KL/KL/CH +MR";"	C";"	Dru, Geo 7| Sch 3";"	Eigenschaften";;;;;;
Halluzination;"	LCD102";"	KL/IN/CH +MR";"	C";"	Dru 5| Geo 4| Hex, Mag 2(Dru)| Srl 2(Geo)";"	Herrschaft";;;;;;
Harmlose Gestalt;"	LCD103";"	KL/CH/GE";"	C";"	Hex 7| Ach, Dru, Mag, Sch, Srl 3| Elf 2";"	Einfluss, Illusion";;;;;;
Hartes schmelze!;"	LCD104";"	MU/KL/KK";"	C";"	Bor 5| Ach 4| Mag 3";"	Objekt, Elementar (Wasser)";;;;;;
Haselbusch und Ginsterkraut;"	LCD105";"	CH/FF/KO";"	D";"	Elf 5| Geo 3| Dru, Hex, Mag 2(Elf)";"	Eigenschaften, Elementar (Humus), Form";;;;;;
Hauch der tiefen Tochter;OiC 69;KL/CH/KK;C;;Elementar (Wasser), Einfluss;;;;;;
Heilkraft bannen;"	LCD107";"	KL/CH/FF +X";"	C";"	Bor, Mag 2| Hex 2(Mag)";"	Antimagie, Heilung";;;;;;
Hellsicht trüben;"	LCD108";"	KL/IN/CH +MR";"	C";"	Dru, Geo 6| Mag, Sch 5| Ach, Elf, Hex 4| Srl 3";"	Antimagie, Hellsicht";;;;;;
Herbeirufung vereiteln;"	LCD109";"	MU/IN/CH +X";"	C";"	Dru, Mag 3| Hex 2";"	Antimagie, Herbeirufung";;;;;;
Herr über das Tierreich;"	LCD110";"	MU/MU/CH +MR";"	D";"	Dru 7| Geo 6| Elf, Hex 3| Ach, Mag 2";"	Herrschaft";;;;;;
Herzschlag ruhe!;"	LCD111";"	MU/CH/KK +MR";"	D";"	Bor 3";"	Däm. (Blakharaz), Einfluss, Eigenschaften";;;;;;
Hexagramma Dschinnenbann;OiC 69;MU/MU/IN;C;;Antimagie, Beschwörung, Elementar;;;;;;
Hexenblick;"	LCD112";"	IN/IN/CH";"	B";"	Hex 7| Bor 3";"	Verständigung";;;;;;
Hexengalle;"	LCD113";"	MU/IN/CH";"	C";"	Ach, Hex 3";"	Schaden";;;;;;
Hexenholz;"	LCD114";"	KL/FF/KK";"	B";"	Hex 7";"	Telekinese";;;;;;
Hexenknoten;"	LCD115";"	KL/IN/CH";"	C";"	Hex 7| Dru, Mag, Srl 2(Hex)";"	Einfluss, Illusion";;;;;;
Hexenkrallen;"	LCD116";"	MU/IN/KO";"	C";"	Hex 3 (bei Katzen, Raben, Eulen)";"	Eigenschaften, Form";;;;;;
Hexenspeichel;"	LCD117";"	IN/CH/FF";"	C";"	Hex 7| Geo 5| Mag 2(Hex)";"	Heilung";;;;;;
Hilfreiche Tatze, rettende Schwinge;"	LCD118";"	MU/IN/CH +MR";"	D";"	Elf 4| Ach, Geo 3| Dru 3(Geo)";"	Einfluss, Verständigung";;;;;;
Höllenpein zerreiße dich!;"	LCD119";"	KL/CH/KO +MR";"	C";"	Bor 7| Ach, Mag 3";"	Einfluss";;;;;;
Holterdipolter;"	LCD120";"	IN/IN/FF";"	C";"	Sch 2";"	Umwelt";;;;;;
Hornissenruf;OiC 69;MU/CH/CH;C;;Einfluss, Herbeirufung, Limbus;;;;;;
Horriphobus Schreckgestalt;"	LCD121";"	MU/IN/CH +MR";"	C";"	Mag 6| Bor 4| Dru 3| Hex 2(Dru)| Srl 1";"	Einfluss";;;;;;
Humofaxius Humusstrahl;"	LCD122";"	KL/FF/KO";"	C";"	Mag 2| Geo 2";"	Schaden, Elementar (Humus)";;;;;;
Humosphaero Humusball;"	LCD124";"	MU/IN/KO";"	D";"	Mag 3| Ach, Geo 1";"	Telekinese, Elementar (Feuer), Schaden";;;;;;
Ignifaxius Flammenstrahl;"	LCD122";"	KL/FF/KO";"	C";"	Mag 5| Ach 3| Dru 2(Mag)";"	Schaden, Elementar (Feuer)";;;;;;
Igniflumen Flammenspur;OiC 69;MU/KL/KO;D;;Elementar (Feuer), Schaden;;;;;;
Ignimorpho Feuerform;EG 104;MU/FF/KO;D;;Elementar (Feuer), Objekt;;;;;;
Igniplano Flächenbrand;EG 104;MU/IN/KO;F;;Elementar (Feuer), Schaden, Umwelt;;;;;;
Igniqueris Feuerkragen;OiC 70;KL/CH/KK;C;;Elementar (Feuer), Einfluss;;;;;;
Ignisphaero Feuerball;"	LCD124";"	MU/IN/KO";"	D";"	Mag 3| Ach, Geo 1";"	Telekinese, Elementar (Feuer), Schaden";;;;;;
Ignorantia Ungesehn;"	LCD125";"	IN/CH/GE";"	D";"	Mag, Srl 3";"	Einfluss, Illusion";;;;;;
Ignufugo Feuerbann;EG 103, 104;MU/KO/FF;C;;Elementar (Feuer), Umwelt;;;;;;
Illusion auflösen;"	LCD126";"	KL/IN/CH";"	B";"	Mag 5|Srl 4| Hex, Sch 3";"	Antimagie, Illusion";;;;;;
Immortalis Lebenszeit;"	LCD127";"	MU/CH/KO";"	F";"	Ach, Mag 1";"	Form, Temporal";;;;;;
Imperavi Handlungszwang;"	LCD128";"	KL/CH/CH +MR";"	E";"	Mag 4| Dru 2(Mag)";"	Herrschaft";;;;;;
Impersona Maskenbild;"	LCD129";"	KL/IN/FF";"	D";"	Mag 4| Srl 3";"	Illusion";;;;;;
Infinitum Immerdar;"	LCD130";"	KL/CH/KO +X";"	F";"	Ach, Elf, Geo, Mag 1";"	Metamagie, Temporal";;;;;;
Invercano Spiegeltrick;"	LCD131";"	MU/IN/FF";"	F";"	Mag 3";"	Antimagie, Kraft, Metamagie";;;;;;
Invocatio maior;"	LCD132";"	MU/MU/CH +X";"	E";"	Bor, Mag 5| Hex 3| Dru 2";"	Beschwörung, Dämonisch";;;;;;
Invocatio minor;"	LCD133";"	MU/MU/CH +X";"	D";"	Mag 5| Ach, Bor, Hex 4| Dru 2";"	Beschwörung, Dämonisch";;;;;;
Iribaars Hand;"	LCD134";"	MU/MU/IN +MR";"	D";"	Bor 2| Mag 1(Bor)";"	Einfluss, Schaden, Däm. (Amazeroth)";;;;;;
Juckreiz, dämlicher!;"	LCD135";"	MU/IN/CH +MR";"	B";"	Sch 3";"	Einfluss";;;;;;
Karnifilio Raserei;"	LCD136";"	MU/IN/CH +MR";"	C";"	Mag 4| Ach, Bor 3";"	Einfluss, Eigenschaften";;;;;;
Katzenaugen;"	LCD137";"	KL/FF/KO";"	C";"	Hex 4| Elf 3";"	Eigenschaften";;;;;;
Klarum Purum;"	LCD138";"	KL/KL/CH +X";"	D";"	Mag 6| Ach, Dru, Elf, Geo, Hex 3";"	Form, Heilung";;;;;;
Klickeradomms;"	LCD139";"	KL/FF/KK";"	A";"	Sch 7| Hex, Mag, Srl 3";"	Telekinese";;;;;;
Koboldgeschenk;"	LCD140";"	IN/CH/FF +MR";"	C";"	Sch 7";"	Herrschaft";;;;;;
Koboldovision;"	LCD141";"	MU/CH/CH";"	D";"	Sch 5| Ach 2| Elf, Hex 1(Sch)";"	Hellsicht, Limbus";;;;;;
Komm Kobold Komm;"	LCD142";"	IN/IN/CH";"	C";"	Sch 7";"	Herbeirufung";;;;;;
Körperlose Reise;"	LCD143";"	MU/KL/IN";"	E";"	Dru 3| Ach, Geo, Hex, Mag 2";"	Limbus, Verständigung";;;;;;
Krabbelnder Schrecken;"	LCD144";"	MU/MU/CH";"	C";"	Hex 3| Bor, Mag 2";"	Herbeirufung, Dämonisch (Mishkara)";;;;;;
Kraft des Erzes;"	LCD145";"	KL/KO/KK";"	D";"	Geo 5| Ach, Dru 3| Mag 2(Dru)";"	Elementar (Erz), Objekt";;;;;;
Kraft des Humus;EG 104, 105;IN/CH/KO;D;;Elementar (Humus), Heilung;;;;;;
Krähenruf;"	LCD146";"	MU/CH/CH";"	C";"	Hex 6";"	Einfluss, Herbeirufung, Limbus";;;;;;
Krötensprung;"	LCD148";"	IN/GE/KK";"	B";"	Hex 4| Ach, Elf 3";"	Eigenschaften";;;;;;
Kulminatio Kugelblitz;"	LCD149";"	MU/IN/FF";"	D";"	Mag 2| Ach 1";"	Schaden";;;;;;
Kusch!;"	LCD150";"	MU/IN/CH +MR";"	B";"	Sch 4";"	Einfluss";;;;;;
Lach dich gesund;"	LCD151";"	IN/CH/CH";"	C";"	Sch 5";"	Heilung, Einfluss";;;;;;
Lachkrampf;"	LCD152";"	CH/CH/FF +MR";"	C";"	Sch 7";"	Einfluss";;;;;;
Langer Lulatsch;"	LCD153";"	CH/GE/KK +Mr";"	D";"	Sch 6";"	Form, Objekt";;;;;;
Last des Alters;"	LCD154";"	IN/CH/KO +MR";"	E";"	Bor 2| Mag 1";"	Temporal, Form";;;;;;
Leib aus tausend Fliegen;OiC 70;IN/CH/KO;E;;Form;;;;;;
Leib der Erde;"	LCD155";"	MU/IN/GE";"	D";"	Dru, Elf 3| Ach, Geo 2";"	Form, Elementar (Humus)";;;;;;
Leib der Wogen;"	LCD157";"	MU/KL/GE";"	E";"	Ach 3| Elf 2| Dru, Geo 1(Elf)";"	Form, Elementar (Wasser)";;;;;;
Leib des Eises;"	LCD159";"	MU/KL/GE";"	E";"	Ach, Elf 3| Geo 2| Dru 2(Geo)";"	Form, Elementar (Eis)";;;;;;
Leib des Erzes;"	LCD160";"	MU/GE/KK";"	E";"	Elf, Sch 3| Dru, Geo 2";"	Form, Elementar (Erz)";;;;;;
Leib des Feuers;"	LCD162";"	MU/MU/GE";"	E";"	Hex 3| Elf 2| Dru 2(Hex)| Mag 1";"	Form, Elementar (Feuer)";;;;;;
Leib des Windes;"	LCD164";"	MU/GE/KK";"	E";"	Elf 3| Ach, Dru, Geo 2| Mag 2(Elf)";"	Form, Elementar (Luft)";;;;;;
Leidensbund;"	LCD165";"	MU/IN/KO";"	C";"	Ach 3| Hex, Bor 2| Mag 2(Ach)";"	Heilung, Verständigung";;;;;;
Levthans Feuer;"	LCD166";"	IN/CH/CH +MR";"	D";"	Hex 4| Mag 2(Hex)";"	Einfluss, Verständigung";;;;;;
Limbus versiegeln;"	LCD167";"	KL/IN/KO +X";"	E";"	Mag 2";"	Antimagie, Limbus";;;;;;
Lockruf und Feenfüße;"	LCD168";"	IN/CH/FF";"	B";"	Sch 6";"	Telekinese, Illusion";;;;;;
Lolgramothbann;LCD 63;MU/CH/KO;C;;Antimagie, Dämonisch;;;;;;
Lunge des Leviatan;"	LCD169";"	IN/CH/KO";"	C";"	Ach 5| Mag 2| Hex 2(Ach)";"	Heilung";;;;;;
Madas Spiegel;"	LCD170";"	MU/KL/IN";"	D";"	Hex 3| Dru, Srl 2(Hex)";"	Verständigung, Hellsicht";;;;;;
Magischer Raub;"	LCD171";"	MU/KL/KO +MR";"	D";"	Dru 6| Geo 4| Mag 3| Ach, Bor, Hex 2";"	Kraft, Verständigung";;;;;;
Mahlstrom;"	LCD172";"	MU/IN/KK";"	D";"	Dru 3| Mag 2| Mag 2(Dru)";"	Elementar (Wasser), Umwelt";;;;;;
Malmkreis;"	LCD172";"	MU/IN/KK";"	D";"	Dru 3| Mag 2| Mag 2(Dru)";"	Elementar (Wasser), Umwelt";;;;;;
Manifesto Element;"	LCD173";"	KL/IN/CH +X";"	A";"	Ach 7| Dru, Geo, Mag 5| Hex, Srl 3| Elf 2";"	Elementar";;;;;;
Meister der Elemente;"	LCD174";"	MU/KL/CH +X";"	F";"	Dru, Geo 4| Ach, Mag 3";"	Elementar, Herbeirufung";;;;;;
Meister minderer Geister;"	LCD175";"	MU/CH/CH";"	B";"	Sch 7| Geo 5";"	Herbeirufung";;;;;;
Memorabia Falsifir;"	LCD176";"	KL/IN/CH +X";"	E";"	Elf, Mag 3| Ach, Dru, Hex 2";"	Herrschaft";;;;;;
Memorans Gedächtniskraft;"	LCD177";"	KL/KL/IN";"	C";"	Mag 5| Dru 2";"	Hellsicht, Eigenschaften";;;;;;
Menetekel Flammenschrift;"	LCD178";"	KL/CH/FF";"	B";"	Mag 5| Srl 3(Mag)";"	Illusion";;;;;;
Metamagie neutralisieren;"	LCD179";"	KL/KL/KO +X";"	F";"	Mag 2";"	Antimagie, Metamagie";;;;;;
Metamorpho Felsenform;"	LCD180";"	KL/FF/KK";"	D";"	Elf 2| Mag 2";"	Einfluss";;;;;;
Metamorpho Gletscherform;"	LCD180";"	KL/FF/KK";"	C";"	Elf 4| Mag 2";"	Einfluss";;;;;;
Motoricus;"	LCD181";"	KL/FF/KK +X";"	C";"	Mag 6| Sch 5| Ach, Elf, Hex, Srl 4";"	Telekinese";;;;;;
Movimento Dauerlauf;"	LCD183";"	IN/GE/KO";"	A";"	Elf 7| Dru, Hex, Mag 3(Elf)";"	Eigenschaften";;;;;;
Murks und Patz;"	LCD184";"	IN/IN/FF +X";"	C";"	Sch 2";"	Einfluss";;;;;;
Nackedei;"	LCD185";"	KL/IN/FF +X";"	D";"	Sch 6";"	Objekt, Telekinese";;;;;;
Nagrachbann;LCD  63 ;MU/CH/KO;C;;Antimagie, Dämonisch;;;;;;
Nebelleib;"	LCD186";"	MU/IN/KO";"	D";"	Dru 3";"	Form, Elementar (Luft, Wasser)";;;;;;
Nebelwand und Morgendunst;"	LCD187";"	KL/FF/KO";"	C";"	Elf 6| Ach 4| Dru, Geo 3| Mag 2| Hex 2(Elf)| Srl 2(Mag)";"	Umwelt, Elementar (Luft, Wasser)";;;;;;
Nekropathia Seelenreise;"	LCD188";"	MU/KL/CH +X";"	E";"	Mag 3| Dru 2| Hex 2(Mag)";"	Geisterwesen, Verständigung";;;;;;
Niederhöllen Eisgestalt;"	LCD99";"	MU/CH/KO+MR";"	D";"	Bor, Mag 2";"	Form, Elementar (Erz)";;;;;;
Nihilogravo Schwerelos;"	LCD189";"	KL/KO/KK";"	E";"	Mag 3";"	Umwelt";;;;;;
Nuntiovolo Botenvogel;"	LCD190";"	MU/KL/CH";"	C";"	Mag 3| Ach, Bor, Hex 2";"	Beschwörung, Dämonisch (Lolgramoth)";;;;;;
Nuntiovolo Botenvogel (obsk.);LCD 190 / SoG 163;MU/KL/CH;C;;Beschwörung, Dämonisch;;;;;;
Objecto Obscuro;"	LCD191";"	KL/FF/KO";"	D";"	Mag 3| Ach 2";"	Objekt";;;;;;
Objectofixo;"	LCD192";"	KL/KL/KK";"	D";"	Ach 5| Mag 4";"	Objekt, Temporal";;;;;;
Objectovoco;"	LCD193";"	KL/IN/CH";"	C";"	Mag 5| Dru, Elf 4| Geo 3| Hex 2| Srl 2(Mag)";"	Verständigung";;;;;;
Objekt entzaubern;"	LCD194";"	KL/IN/FF +X";"	C";"	Mag 5| Ach 4| Hex 3| Srl 2(Mag)";"	Antimagie, Objekt";;;;;;
Oculus Astralis;"	LCD196";"	KL/IN/CH";"	E";"	Mag 3";"	Hellsicht, Kraft, Metamagie, Limbus";;;;;;
Odem Arcanum;"	LCD197";"	KL/IN/IN";"	A";"	Ach, Elf, Mag 7| Geo 6| Dru, Hex 5| Sch, Srl 4";"	Hellsicht, Kraft";;;;;;
Opacitas Schattenleib;LCD 240 / SoG 163;MU/CH/GE;D;;Dämonisch;;;;;;
Orcanofaxius Luftstrahl;"	LCD122";"	KL/FF/KO";"	C";"	Mag 2| Geo 2";"	Schaden, Elementar (Luft)";;;;;;
Orcanosphaero Orkanball;"	LCD124";"	MU/IN/KO";"	D";"	Mag, Ach 2| Geo 1";"	Telekinese, Elementar (Luft), Schaden";;;;;;
Orkanwand;"	LCD275";"	MU/KL/CH";"	D";"	Geo 4| Dru, Mag 3 (Besonderheiten! S.275 LC)";"	Elementar (Element)";;;;;;
Pandaemonium;"	LCD199";"	MU/MU/CH";"	D";"	Bor 4| Hex 3| Mag 2";"	Beschwörung, Dämonisch";;;;;;
Panik überkomme euch!;"	LCD200";"	MU/CH/CH";"	E";"	Bor 3| Mag 1(Bor)";"	Einfluss, Dämonisch (Amazeroth)";;;;;;
Pantenebrum;LCD 199 / SoG 163;MU/MU/CH;D;;Beschwörung, Dämonisch;;;;;;
Papperlapapp;"	LCD201";"	IN/IN/FF +MR";"	D";"	Sch 2";"	Einfluss";;;;;;
Paralysis starr wie Stein;"	LCD202";"	IN/CH/KK +MR";"	C";"	Mag 7| Dru 3(Mag)";"	Form, Elementar (Erz)";;;;;;
Pectetondo Zauberhaar;"	LCD203";"	KL/CH/FF";"	B";"	Mag, Srl 5| Hex 3(Mag)| Sch 2(Mag)";"	Form";;;;;;
Penetrizzel Tiefenblick;"	LCD204";"	KL/KL/KO";"	C";"	Mag 5| Elf, Sch 4| Srl 3";"	Hellsicht";;;;;;
Pentagramma Sphärenbann;"	LCD205";"	MU/MU/CH +X";"	D";"	Mag 5| Dru, Geo, Hex 2";"	Antimagie, Beschwörung, Däm., Geisterw.";;;;;;
Pestilenz erspüren;"	LCD207";"	KL/IN/CH +X";"	C";"	Dru 6| Hex 5| Elf 3";"	Hellsicht";;;;;;
Pfeil der Luft;"	LCD208";"	KL/IN/CH";"	C";"	Elf 5| Mag 3";"	Elementar (Luft), Objekt";;;;;;
Pfeil des Eises;"	LCD208";"	KL/IN/CH";"	C";"	Elf 3 (nur Firnelfen)";"	Elementar (Eis), Objekt";;;;;;
Pfeil des Erzes;"	LCD208";"	KL/IN/CH";"	C";"	Mag 2";"	Elementar (Erz), Objekt";;;;;;
Pfeil des Feuers;"	LCD208";"	KL/IN/CH";"	C";"	Elf 1| Mag 2";"	Elementar (Feuer), Objekt";;;;;;
Pfeil des Humus;"	LCD208";"	KL/IN/CH";"	C";"	Elf 4| Ach 3";"	Elementar (Humus), Objekt";;;;;;
Pfeil des Wassers;"	LCD208";"	KL/IN/CH";"	C";"	Ach3| Elf 1 (nur Au- und Firnelfen)";"	Elementar (Wasser), Objekt";;;;;;
Planastrale Anderswelt;"	LCD210";"	MU/MU/KO";"	F";"	Mag 1| rituell S. 135 LC";"	Limbus";;;;;;
Plumbumbarum schwerer Arm;"	LCD211";"	CH/GE/KK +X";"	B";"	Mag 7| Dru, Geo, Hex 5| Ach, Elf, Sch 4| Srl 3";"	Einfluss";;;;;;
Projektimago Ebenbild;"	LCD212";"	MU/IN/CH +X";"	D";"	Mag, Srl 2";"	Illusion, Verständigung";;;;;;
Protectionis Kontrabann;"	LCD213";"	KL/CH/KO";"	F";"	Bor, Mag 2";"	Antimagie, Metamagie";;;;;;
Psychostabilis;"	LCD214";"	MU/KL/KO";"	C";"	Mag 6| Dru, Geo, Hex 5| Ach, Srl 3| Elf 3(Mag)";"	Antimagie, Eigenschaften";;;;;;
Radau;"	LCD215";"	MU/CH/KO";"	C";"	Hex 6";"	Elementar (Luft), Telekinese";;;;;;
Reflectimago Spiegelschein;"	LCD216";"	KL/CH/FF";"	B";"	Mag 5| Srl 4";"	Illusion";;;;;;
Reptilea Natternest;"	LCD217";"	MU/IN/CH";"	D";"	Ach 4| Bor 3| Mag 2";"	Herbeirufung";;;;;;
Respondami;"	LCD218";"	MU/IN/CH +MR";"	B";"	Mag 7| Dru, Geo 5| Elf, Hex 4";"	Herrschaft";;;;;;
Reversalis Revidum;"	LCD219";"	KL/IN/CH";"	E";"	Ach, Mag 3| Dru, Hex 2(Mag)";"	Metamagie";;;;;;
Ruhe Körper, ruhe Geist;"	LCD220";"	KL/CH/KO";"	B";"	Elf 5| Ach, Mag 4| Dru, Hex 3";"	Heilung";;;;;;
Salander Mutander;"	LCD221";"	KL/CH/KO +MR";"	E";"	Mag 5| Ach, Hex 3| Dru 2";"	Form";;;;;;
Sanftmut;"	LCD222";"	MU/CH/CH +MR";"	B";"	Geo, Hex 6| Dru, Elf 4| Ach 2";"	Einfluss";;;;;;
Sapefacta Zauberschwamm;"	LCD223";"	KL/CH/FF";"	C";"	Mag 5| Srl 4| Hex 2(Mag)";"	Telekinese, Elementar (Luft o. Wasser)";;;;;;
Satuarias Herrlichkeit;"	LCD224";"	IN/CH/CH";"	B";"	Hex 5";"	Eigenschaften, Illusion";;;;;;
Schabernack;"	LCD225";"	KL/IN/CH +MR";"	B";"	Sch 7";"	Einfluss";;;;;;
Schadenszauber bannen;"	LCD226";"	MU/IN/KO +X";"	C";"	Mag 3| Elf 2";"	Antimagie, Schaden";;;;;;
Schattenodem;LCD 258 / SoG 163;MU/IN/GE;C;;Beschwörung, Dämonisch, Schaden;;;;;;
Schelmenkleister;"	LCD227";"	IN/GE/FF";"	C";"	Sch 5";"	Umwelt";;;;;;
Schelmenlaune;"	LCD228";"	MU/IN/CH +X";"	D";"	Sch 2";"	Einfluss";;;;;;
Schelmenmaske;"	LCD229";"	IN/CH/GE";"	D";"	Sch 6| Mag, Srl 2(Sch)";"	Illusion";;;;;;
Schelmenrausch;"	LCD230";"	IN/CH/CH +MR";"	C";"	Sch 5";"	Einfluss";;;;;;
Schlangenruf;OiC 71;MU/CH/CH;C;;Einfluss, Herbeirufung, Limbus;;;;;;
Schleier der Unwissenheit;"	LCD231";"	KL/KL/FF";"	D";"	Hex 6| Mag 4| Bor, Dru 2";"	Eigenschaften, Metamagie";;;;;;
Schwarz und Rot;"	LCD232";"	MU/CH/KO +MR";"	D";"	Bor4, Mag 3| Hex 2(Mag)";"	Eigenschaften, Schaden";;;;;;
Schwarzer Schrecken;"	LCD233";"	MU/IN/CH +MR";"	D";"	Bor 6| Mag 3";"	Einfluss";;;;;;
Seelenfeuer Lichterloh;"	LCD99";"	MU/CH/KO+MR";"	D";"	Bor, Mag 2";"	Form, Elementar (Erz)";;;;;;
Seelentier erkennen;"	LCD234";"	IN/IN/CH +MR";"	C";"	Hex 3| Elf 1";"	Hellsicht";;;;;;
Seelenwanderung;"	LCD235";"	MU/CH/KO +X";"	F";"	Ach, Dru, Geo, Hex 2| Mag 1";"	Eigenschaften, Verständigung";;;;;;
Seidenweich Schuppengleich;"	LCD236";"	IN/FF/FF";"	C";"	Sch 6| Srl 2";"	Illusion";;;;;;
Seidenzunge Elfenwort;"	LCD237";"	KL/IN/CH +MR";"	B";"	Elf 3| Sch 2";"	Einfluss";;;;;;
Sensattacco Meisterstreich;"	LCD238";"	MU/IN/GE";"	D";"	Mag 2";"	Eigenschaften, Hellsicht";;;;;;
Sensibar Empathicus;"	LCD239";"	KL/IN/CH +MR";"	C";"	Elf 7| Mag 6| Dru, Hex, Geo 5| Ach, Sch, Srl 4";"	Hellsicht";;;;;;
Serpentialis Schlangenleib;"	LCD240";"	MU/CH/GE";"	D";"	Ach 4| Hex 2| Mag 2(Ach)";"	Form";;;;;;
Silentium;"	LCD241";"	KL/IN/CH";"	B";"	Elf 7| Mag, Sch 5| Geo, Srl 4| Dru, Hex 2";"	Umwelt";;;;;;
Sinesigil unerkannt;"	LCD242";"	KL/IN/FF";"	D";"	Mag 2";"	Illusion";;;;;;
Skelettarius;"	LCD243";"	MU/MU/CH +X";"	C";"	Mag 4| Bor 2";"	Dämonisch (Thargunithot)";;;;;;
Solidirid Weg aus Licht;"	LCD245";"	IN/KO/KK";"	D";"	Elf 4| Mag 2| Mag 2(Elf)";"	Umwelt, Elementar (Luft)";;;;;;
Somnigravis tiefer Schlaf;"	LCD246";"	KL/CH/CH +MR";"	B";"	Elf 6| Mag 5| Ach, Dru, Geo, Hex, Sch, Srl 3";"	Einfluss";;;;;;
Sphaerovisio Schreckensbild;OiC 71;MU/KL/FF;D;;Dämonisch, Limbus, Verständigung;;;;;;
Spinnenlauf;"	LCD247";"	IN/GE/KK";"	C";"	Hex 4| Ach 3| Elf 2";"	Eigenschaften";;;;;;
Spinnennetz;OiC 72;IN/FF/KO;B;;Eigenschaften;;;;;;
Spinnenruf;OiC 72;MU/CH/CH;C;;Einfluss, Herbeirufung, Limbus;;;;;;
Spurlos Trittlos;"	LCD248";"	IN/GE/GE";"	C";"	Elf 6| Dru, Geo 3| Hex 2";"	Umwelt";;;;;;
Standfest Katzengleich;"	LCD249";"	IN/GE/FF";"	C";"	Ach, Elf 2";"	Eigenschaften";;;;;;
Staub wandle!;"	LCD250";"	MU/KL/CH +X";"	E";"	Mag 2";"	Elementar (Erz)";;;;;;
Stein wandle!;"	LCD251";"	MU/CH/KK +X";"	E";"	Bor, Mag 2";"	Beschwörung, Dämonisch (allgemein)";;;;;;
Stillstand;"	LCD252";"	MU/IN/GE";"	E";"	Ach 3| Geo 2";"	Elementar (Eis), Umwelt";;;;;;
Stimme des Windes;EG 105;MU/IN/IN;D;;Form, Elementar (Luft);;;;;;
Sumpfstrudel;"	LCD172";"	MU/IN/KK";"	D";"	Dru 3| Mag 2| Mag 2(Dru)";"	Elementar (Wasser), Umwelt";;;;;;
Sumus Elixiere;"	LCD253";"	IN/CH/FF";"	C";"	Geo 5| Dru 4| Hex 3| Mag 2(Dru)";"	Elementar (Humus)";;;;;;
Tanz der Erlösung;OiC 73;MU/CH/CH;D;;Antimagie, Einfluss, Herrschaft;;;;;;
Tasfarelelbann;LCD  63 ;MU/CH/KO;C;;Antimagie, Dämonisch;;;;;;
Tauschrausch;"	LCD254";"	IN/FF/KO";"	D";"	Sch 2";"	Limbus";;;;;;
Tempus Stasis;"	LCD255";"	MU/KL/KK +X";"	E";"	Ach, Mag 2";"	Temporal";;;;;;
Tenebraro Schattentanz;LCD 85 / SoG 163;IN/CH/FF;A;;Illusion;;;;;;
Thargunitothbann;LCD  63 ;MU/CH/KO;C;;Antimagie, Dämonisch;;;;;;
Tiere besprechen;"	LCD256";"	MU/IN/CH +X";"	C";"	Hex 6| Dru, Geo 2| Elf 2(Hex)";"	Heilung, Form";;;;;;
Tiergedanken;"	LCD257";"	MU/IN/CH +MR";"	C";"	Elf, Geo 5| Ach, Dru, Hex 4| Mag 3";"	Hellsicht, Verständigung";;;;;;
Tierruf;OiC 73;MU/CH/CH;C;;Einfluss, Herbeirufung, Limbus;;;;;;
Tlalucs Odem Pestgestank;"	LCD258";"	MU/IN/GE";"	C";"	Mag 3| Bor, Dru, Hex 2";"	Beschwörung, Dämonisch, Schaden";;;;;;
Totes handle!;"	LCD259";"	MU/CH/KO +X";"	D";"	Bor, Mag 2";"	Beschwörung, Dämonisch (Thargunitoth)";;;;;;
Transformatio Formgestalt;"	LCD260";"	KL/FF/KK +X";"	E";"	Ach 3| Geo, Mag 1";"	Objekt, Form";;;;;;
Transmutare Körperform;"	LCD261";"	CH/GE/KO +MR";"	D";"	Mag 2";"	Form";;;;;;
Transversalis Teleport;"	LCD262";"	KL/IN/KO";"	E";"	Mag 3";"	Limbus";;;;;;
Traumgestalt;"	LCD263";"	IN/CH/CH +MR";"	D";"	Hex 5| Dru, Elf 3| Mag 2";"	Verständigung";;;;;;
Umbraporta Schattentüre;SoG 164, B2;MU/IN/GE;D;;Dämonisch, Limbus;;;;;;
Unberührt von Satinav;"	LCD264";"	KL/FF/KO +X";"	C";"	Ach 6| Mag 4| Elf 1";"	Objekt, Temporal";;;;;;
Unitatio Geistesbund;"	LCD265";"	IN/CH/KO";"	B";"	Elf 7| Hex, Mag 6| Ach, Dru, Geo 4";"	Verständigung, Kraft";;;;;;
Unsichtbare Glut;OiC 73;KL/IN/FF;C;;Objekt;;;;;;
Unsichtbarer Jäger;"	LCD266";"	IN/FF/GE";"	E";"	Elf 2| Hex 1(Elf)";"	Illusion";;;;;;
Valetudo Lebenskraft;OiC 73;IN/GE/KO;C;;Heilung, Kraft;;;;;;
Veränderung aufheben;"	LCD267";"	KL/IN/KO +X";"	D";"	Ach, Geo, Mag 5| Dru 4";"	Antimagie, Umwelt";;;;;;
Verschwindibus;"	LCD268";"	IN/CH/GE";"	C";"	Sch 7";"	Limbus";;;;;;
Verständigung stören;"	LCD269";"	KL/KL/IN +MR";"	C";"	Elf 6| Ach, Dru, Mag 5| Geo 4| Hex 3";"	Antimagie, Verständigung";;;;;;
Verwandlung beenden;"	LCD270";"	KL/CH/FF +X";"	D";"	Dru, Hex, Mag 5| Geo 4";"	Antimagie, Form";;;;;;
Vipernblick;"	LCD271";"	MU/MU/CH +MR";"	B";"	Ach, Hex 3";"	Einfluss";;;;;;
Visibili Vanitar;"	LCD272";"	KL/IN/GE";"	C";"	Elf 6| Mag, Sch 5| Srl 3";"	Form";;;;;;
Vocolimbo hohler Klang;"	LCD273";"	KL/CH/FF";"	B";"	Mag, Srl 5| Sch 2(Mag)";"	Illusion";;;;;;
Vogelzwitschern Glockenspiel;"	LCD274";"	MU/IN/GE";"	B";"	Mag, Srl 5| Sch 3";"	Illusion";;;;;;
Wand aus (Element);EG 106;MU/KL/CH;D;;Elementar (verschieden);;;;;;
Wand aus Dornen;"	LCD275";"	MU/KL/CH";"	D";"	Geo 4| Dru, Mag 3 (Besonderheiten! S.275 LC)";"	Elementar (Humus)";;;;;;
Wand aus Eis (Gletscherwand);LCD 275;MU/KL/CH;D;;Elementar (Eis);;;;;;
Wand aus Erz;"	LCD275";"	MU/KL/CH";"	D";"	Geo 4| Dru, Mag 3 (Besonderheiten! S.275 LC)";"	Elementar (Element)";;;;;;
Wand aus Flammen;"	LCD275";"	MU/KL/CH";"	D";"	Geo 4| Dru, Mag 4 (Besonderheiten! S.275 LC)";"	Elementar (Feuer)";;;;;;
Wand aus Luft (Orkanwand);LCD 275;MU/KL/CH;D;;Elementar (Luft);;;;;;
Wand aus Wogen;"	LCD275";"	MU/KL/CH";"	D";"	Geo 4| Dru, Mag 3 (Besonderheiten! S.275 LC)";"	Elementar (Element)";;;;;;
Warmes Blut;"	LCD276";"	MU/IN/IN";"	B";"	Ach 7";"	Eigenschaften, Hellsicht, Elementar (Feuer)";;;;;;
Warmes Gefriere;EG 106, 107;MU/KL/KK;C;;Objekt, Elementar (Eis);;;;;;
Wasseratem;"	LCD277";"	MU/KL/KO";"	C";"	Elf 6| Dru, Geo, Mag 2";"	Form";;;;;;
Weiches erstarre!;"	LCD278";"	MU/KL/KK";"	C";"	Bor 5| Ach, Mag 3";"	Elementar (Erz), Umwelt";;;;;;
Weihrauchwolke Wohlgeruch;"	LCD279";"	IN/CH/FF";"	B";"	Mag, Srl 5| Sch 2";"	Illusion";;;;;;
Weisheit der Bäume;"	LCD280";"	MU/IN/KO +X";"	D";"	Geo, Dru 4| Elf 2| Mag 2(Dru)| Hex 1(Geo)";"	Form, Elementar (Humus)";;;;;;
Weisheit der Steine;OiC 73;MU/IN/KO;D;;Form, Elementar (Erz);;;;;;
Weiße Mähn und goldener Huf;"	LCD281";"	KL/IN/CH";"	D";"	Elf 5";"	Beschwörung";;;;;;
Wellenlauf;"	LCD282";"	MU/GE/GE";"	D";"	Auelf 5| andere Elfen 3| Ach, Dru, Geo 2| Mag 2(Dru)";"	Elementar (Wasser), Eigenschaften";;;;;;
Wettermeisterschaft;"	LCD283";"	MU/CH/GE +X";"	E";"	Dru 5| Geo 4| Ach 3| Hex, Mag 2";"	Elementar (Luft), Umwelt";;;;;;
Widerwille Ungemach;"	LCD285";"	MU/IN/GE";"	D";"	Mag, Srl 3";"	Einfluss, Illusion";;;;;;
Windgeflüster;EG 107;KL/IN/IN;B;;Verständigung, Elementar (Luft);;;;;;
Windhose;"	LCD286";"	MU/IN/KK";"	D";"	Dru 5| Geo 4| Mag 2";"	Elementar (Luft), Umwelt";;;;;;
Windstille;"	LCD287";"	KL/CH/KK +X";"	C";"	Elf 6| Mag 2";"	Elementar (Luft), Umwelt";;;;;;
Wipfellauf;"	LCD288";"	MU/IN/GE";"	D";"	Waldelf 4| andere Elfen, Ach, Geo 2| Dru 2(Geo)";"	Elementar (Humus), Eigenschaften";;;;;;
Xenographus Schriftenkunde;"	LCD289";"	KL/KL/IN";"	E";"	Mag 2";"	Hellsicht";;;;;;
Zagibu Ubigaz;"	LCD290";"	MU/KL/CH";"	C";"	Sch 7, Mag 2(Sch)";"	Objekt, Elementar (Erz)";;;;;;
Zappenduster;"	LCD291";"	IN/IN/FF";"	C";"	Sch 2";"	Antimagie, Umwelt";;;;;;
Zauberklinge Geisterspeer;"	LCD292";"	KL/FF/KO";"	D";"	Mag 3, Elf, Hex, Geo 2, Dru 2 (Mag, Geo o. Hex), Ach 1";"	Objekt, Kraft";;;;;;
Zaubernahrung Hungerbann;"	LCD293";"	MU/MU/KO +X";"	C";"	Elf 3";"	Eigenschaften, Einfluss";;;;;;
Zauberwesen der Natur;"	LCD294";"	MU/IN/CH";"	B";"	Dru, Hex, Sch 3| Elf 2";"	Herbeirufung, Verständigung";;;;;;
Zauberzwang;"	LCD295";"	MU/CH/CH +MR";"	E";"	Hex 5| Dru, Geo 3| Ach, Mag 1";"	Herrschaft, Schaden";;;;;;
Zorn der Elemente;"	LCD296";"	MU/CH/KO +X";"	C";"	Ach, Dru, Geo 5";"	Elementar (allgemein), Schaden";;;;;;
Zunge lähmen;"	LCD297";"	MU/CH/FF +MR";"	B";"	Dru 5| Geo 4| Hex, Sch 3";"	Eigenschaften";;;;;;
Zwingtanz;"	LCD298";"	MU/KL/CH +MR";"	D";"	Dru 7| Geo 6";"	Herrschaft";;;;;;
